{"CalibrationInformation":
{"Cameras":
[{
	"Intrinsics":
	{
		"ModelParameterCount":14,
		"ModelParameters":[0.49658417701721191,0.49139630794525146,0.49389344453811646,0.49392896890640259,1.8756712675094604,1.0561895370483398,0.053922928869724274,2.2113237380981445,1.6335077285766602,0.28556424379348755,0,0,0.00012459354184102267,-7.9854078649077564E-5],
		"ModelType":"CALIBRATION_LensDistortionModelBrownConrady"
	},
	"Location":"CALIBRATION_CameraLocationD0",
	"Purpose":"CALIBRATION_CameraPurposeDepth",
	"MetricRadius":1.7399997711181641,
	"Rt":
	{
		"Rotation":[1,0,0,0,1,0,0,0,1],
		"Translation":[0,0,0]
	},
	"SensorHeight":1024,"SensorWidth":1024,
	"Shutter":"CALIBRATION_ShutterTypeUndefined",
	"ThermalAdjustmentParams":{"Params":[0,0,0,0,0,0,0,0,0,0,0,0]}
},
{
	"Intrinsics":
	{
		"ModelParameterCount":14,
		"ModelParameters":[0.49955070018768311,0.50957274436950684,0.47337275743484497,0.63117128610610962,0.46922260522842407,-2.8045713901519775,1.727834939956665,0.34823518991470337,-2.6185910701751709,1.6442584991455078,0,0,0.00035836838651448488,2.8802172892028466E-5],
		"ModelType":"CALIBRATION_LensDistortionModelBrownConrady"
	},
	"Location":"CALIBRATION_CameraLocationPV0",
	"Purpose":"CALIBRATION_CameraPurposePhotoVideo",
	"MetricRadius":0,
	"Rt":
	{
		"Rotation":[0.99999606609344482,-0.0025176280178129673,0.0012580311158671975,0.0023888947907835245,0.99561136960983276,0.093553937971591949,-0.001488044043071568,-0.093550562858581543,0.99561339616775513],
		"Translation":[-0.031909167766571045,-0.0020896254573017359,0.004045671783387661]
	},
	"SensorHeight":3072,"SensorWidth":4096,
	"Shutter":"CALIBRATION_ShutterTypeUndefined",
	"ThermalAdjustmentParams":{"Params":[0,0,0,0,0,0,0,0,0,0,0,0]}
}],
"InertialSensors":
[{
	"BiasTemperatureModel":[0.0016891213599592447,0,0,0,0.056020356714725494,0,0,0,0.033866588026285172,0,0,0],
	"BiasUncertainty":[9.9999997473787516E-5,9.9999997473787516E-5,9.9999997473787516E-5],
	"Id":"CALIBRATION_InertialSensorId_LSM6DSM",
	"MixingMatrixTemperatureModel":[1.0044885873794556,0,0,0,-0.0017742811469361186,0,0,0,-0.0040113730356097221,0,0,0,-0.0017850638832896948,0,0,0,0.99842387437820435,0,0,0,0.004357166588306427,0,0,0,-0.0040342491120100021,0,0,0,0.0043555442243814468,0,0,0,0.99880868196487427,0,0,0],
	"ModelTypeMask":16,
	"Noise":[0.00095000001601874828,0.00095000001601874828,0.00095000001601874828,0,0,0],
	"Rt":
	{
		"Rotation":[-0.0045333546586334705,0.10905671864748001,-0.99402517080307007,-0.99998182058334351,0.00346101145260036,0.0049402355216443539,0.00397909851744771,0.99402952194213867,0.10903904587030411],
		"Translation":[0,0,0]
	},
	"SecondOrderScaling":[0,0,0,0,0,0,0,0,0],
	"SensorType":"CALIBRATION_InertialSensorType_Gyro",
	"TemperatureBounds":[5,60],
	"TemperatureC":0
},
{
	"BiasTemperatureModel":[0.106320820748806,0,0,0,0.046562336385250092,0,0,0,-0.031234670430421829,0,0,0],
	"BiasUncertainty":[0.0099999997764825821,0.0099999997764825821,0.0099999997764825821],
	"Id":"CALIBRATION_InertialSensorId_LSM6DSM",
	"MixingMatrixTemperatureModel":[0.99405717849731445,0,0,0,-0.0013596079079434276,0,0,0,-0.0011668822262436152,0,0,0,-0.0013514569727703929,0,0,0,1.000051736831665,0,0,0,-0.00069466105196624994,0,0,0,-0.0011620022123679519,0,0,0,-0.00069592799991369247,0,0,0,0.99823057651519775,0,0,0],
	"ModelTypeMask":56,
	"Noise":[0.010700000450015068,0.010700000450015068,0.010700000450015068,0,0,0],
	"Rt":{
		"Rotation":[-0.0012128961971029639,0.10715542733669281,-0.99424153566360474,-0.999995768070221,0.0024976483546197414,0.0014891026075929403,0.00264283106662333,0.99423915147781372,0.10715194046497345],
		"Translation":[-0.050941310822963715,0.0040161428041756153,0.0012738615041598678]
	},
	"SecondOrderScaling":[0,0,0,0,0,0,0,0,0],
	"SensorType":"CALIBRATION_InertialSensorType_Accelerometer",
	"TemperatureBounds":[5,60],
	"TemperatureC":0
}]
,
"Metadata":
{
	"SerialId":"000073492012",
	"FactoryCalDate":"5/15/2019 6:08:37 AM GMT",
	"Version":{"Major":1,"Minor":2},
	"DeviceName":"AzureKinect-PV",
	"Notes":"PV0_max_radius_invalid"
}
}}