{
    "Format": "OpenCV",
    "CameraMatrix": [
        [
            602.6424296471598,
            0.0,
            638.8252445734994
        ],
        [
            0.0,
            600.2059937982344,
            357.47259552335504
        ],
        [
            0.0,
            0.0,
            1.0
        ]
    ],
    "DistortionCoefficients": [
        [
            0.07178911481052527,
            -0.04250653078674824,
            -0.00432838766390052,
            0.002254655694607762,
            0.012029482944812538
        ]
    ]
}